City_ID,City,Lat,Lng,Max Temp,Humidity,Cloudiness,Wind Speed,Country,Date
0,olonets,60.9847,32.9698,12.03,87,4,2.0,RU,1720575089
1,bethel,41.3712,-73.414,26.62,78,97,1.46,US,1720575090
2,gadzhiyevo,69.2551,33.3362,9.79,79,100,3.09,RU,1720575092
3,ribeira grande,38.5167,-28.7,22.65,87,67,0.45,PT,1720575093
4,tura,25.5198,90.2201,25.39,96,100,3.52,IN,1720575095
5,carnarvon,-24.8667,113.6333,22.13,81,21,5.81,AU,1720575096
6,ushuaia,-54.8,-68.3,3.81,75,40,16.46,AR,1720575097
7,keflavik,64.0049,-22.5624,10.24,93,0,4.63,IS,1720575099
8,west island,-12.1568,96.8225,27.99,89,20,2.57,CC,1720575100
9,grytviken,-54.2811,-36.5092,-1.23,91,99,5.7,GS,1720575101
10,udachny,66.4167,112.4,24.03,50,92,5.04,RU,1720575103
11,puerto ayora,-0.7393,-90.3518,20.86,100,50,3.24,EC,1720575104
12,aykhal,66.0,111.5,16.81,83,100,3.99,RU,1720575105
13,port-aux-francais,-49.35,70.2167,4.57,90,99,12.33,TF,1720575106
14,buka,40.8108,69.1986,26.31,33,3,1.0,UZ,1720575108
15,albany,42.6001,-73.9662,27.71,75,99,1.63,US,1720574934
16,blackmans bay,-43.0167,147.3167,12.63,96,100,3.31,AU,1720575111
17,isafjordur,66.0755,-23.124,6.75,86,90,4.7,IS,1720575112
18,tomatlan,19.9333,-105.25,25.5,91,100,0.55,MX,1720575113
19,tiksi,71.6872,128.8694,15.42,49,75,1.5,RU,1720575115
20,edinburgh of the seven seas,-37.0676,-12.3116,10.61,76,62,17.34,SH,1720575116
21,nar'yan-mar,67.6713,53.087,14.67,96,100,3.75,RU,1720575117
22,olonkinbyen,70.9221,-8.7187,3.7,91,100,8.83,SJ,1720575119
23,iqaluit,63.7506,-68.5145,5.85,86,75,1.54,CA,1720575120
24,taishan,22.2514,112.7799,31.61,66,28,3.26,CN,1720575121
25,bilibino,68.0546,166.4372,19.24,33,13,6.72,RU,1720575122
26,dickinson,29.4608,-95.0513,31.74,83,20,2.57,US,1720575124
27,nagqu,31.5,92.0,10.35,74,100,2.02,CN,1720575125
28,praia da vitoria,38.7333,-27.0667,23.14,83,20,4.39,PT,1720575126
29,al hada,21.3675,40.2869,23.66,23,73,1.57,SA,1720575128
30,adamstown,-25.066,-130.1015,19.98,59,100,4.46,PN,1720575129
31,undurkhaan,47.3194,110.6556,25.01,48,79,1.81,MN,1720575130
32,port alfred,-33.5906,26.891,15.66,57,77,3.13,ZA,1720575132
33,utrik,11.2278,169.8474,27.8,71,4,7.06,MH,1720575133
34,invercargill,-46.4,168.35,8.34,83,100,0.89,NZ,1720574889
35,hermanus,-34.4187,19.2345,13.78,83,100,10.06,ZA,1720575136
36,juneau,58.3019,-134.4197,16.0,86,100,0.0,US,1720574918
37,port mathurin,-19.6833,63.4167,22.16,62,8,6.45,MU,1720575139
38,waitangi,-43.9535,-176.5597,8.79,83,100,3.58,NZ,1720575140
39,lihue,21.9789,-159.3672,28.77,66,40,6.69,US,1720575141
40,mount pearl,47.5166,-52.7813,18.19,94,75,4.63,CA,1720575143
41,lata,40.1629,-8.3327,20.51,85,99,1.4,PT,1720575144
42,sola,-13.8833,167.55,25.96,79,81,11.28,VU,1720575145
43,gardnerville ranchos,38.8882,-119.7413,35.11,14,0,6.69,US,1720575147
44,sitka,57.0531,-135.33,12.94,88,100,2.06,US,1720575148
45,coquimbo,-29.9533,-71.3436,10.85,81,100,1.54,CL,1720574976
46,papatowai,-46.5619,169.4708,10.5,70,100,2.69,NZ,1720575154
47,la passe,45.5549,-0.8967,18.88,94,89,3.38,FR,1720575155
48,enewetak,11.3474,162.3373,28.83,74,3,7.25,MH,1720575156
49,khanty-mansiysk,61.0042,69.0019,22.06,78,0,0.0,RU,1720575158
50,college,64.8569,-147.8028,15.6,86,100,2.57,US,1720575159
51,puerto baquerizo moreno,-0.9,-89.6,21.48,84,100,3.55,EC,1720575160
52,quiberon,47.4841,-3.1196,16.78,85,100,4.76,FR,1720575162
53,yulinshi,38.2906,109.7494,28.38,47,100,3.83,CN,1720575163
54,hotan,37.0997,79.9269,28.57,24,5,2.07,CN,1720575164
55,kendari,-3.945,122.4989,27.98,71,100,1.15,ID,1720575166
56,portland,45.5234,-122.6762,39.42,26,75,6.17,US,1720574864
57,port elizabeth,-33.918,25.5701,13.39,82,40,9.26,ZA,1720574989
58,camana,-16.6228,-72.7111,14.96,91,100,4.23,PE,1720575169
59,kingston,17.997,-76.7936,30.53,70,20,6.69,JM,1720575087
60,wailua homesteads,22.0669,-159.378,28.44,69,40,6.69,US,1720575172
61,puerto natales,-51.7236,-72.4875,4.15,91,100,4.59,CL,1720575173
62,colon,9.3592,-79.9014,26.31,89,100,0.45,PA,1720575175
63,am timan,11.0297,20.2827,22.36,88,100,0.12,TD,1720575176
64,yellowknife,62.456,-114.3525,23.56,69,75,1.03,CA,1720575177
65,karratha,-20.7377,116.8463,25.63,30,13,2.66,AU,1720575179
66,along,28.1667,94.7667,22.06,100,100,0.71,IN,1720575180
67,chernyshevskiy,63.0128,112.4714,24.22,48,61,3.56,RU,1720575181
68,nikolayevsk-on-amure,53.1406,140.73,10.9,98,100,1.47,RU,1720575183
69,micheweni,-4.9667,39.8333,24.46,84,85,5.21,TZ,1720575184
70,abeche,13.8292,20.8324,26.75,59,100,3.25,TD,1720575185
71,stanley,54.868,-1.6985,13.49,97,75,2.06,GB,1720575187
72,vilyuysk,63.7553,121.6247,27.22,39,3,1.66,RU,1720575188
73,lompoc,34.6391,-120.4579,18.07,81,0,5.14,US,1720575189
74,qaqortoq,60.7167,-46.0333,4.66,99,100,2.48,GL,1720575191
75,pathein,16.7833,94.7333,28.89,75,100,2.89,MM,1720575192
76,ke-macina,13.9623,-5.3572,28.75,63,24,3.89,ML,1720575193
77,capayan,-28.761,-66.0502,3.75,70,15,2.42,AR,1720575194
78,dois vizinhos,-25.7336,-53.0572,10.57,99,100,1.26,BR,1720575196
79,masaka,-0.3338,31.7341,17.55,87,100,1.39,UG,1720575197
80,jamestown,42.097,-79.2353,23.8,100,100,2.06,US,1720575005
81,aranda de duero,41.6704,-3.6892,16.66,80,4,1.41,ES,1720575200
82,felege neway,6.3,36.8833,16.59,90,100,1.03,ET,1720575201
83,newman,37.3138,-121.0208,39.13,33,0,2.24,US,1720575202
84,port macquarie,-31.4333,152.9167,18.83,57,8,0.89,AU,1720575204
85,dudinka,69.4058,86.1778,19.34,61,0,3.89,RU,1720575205
86,new norfolk,-42.7826,147.0587,13.29,99,100,1.05,AU,1720575206
87,georgetown,5.4112,100.3354,27.97,70,40,4.63,MY,1720575208
88,vila vicosa,38.7777,-7.4179,19.82,82,0,1.92,PT,1720575209
89,aripuana,-9.1667,-60.6333,23.42,59,3,0.99,BR,1720575210
90,hithadhoo,-0.6,73.0833,28.88,73,51,4.33,MV,1720575212
91,zaysan,47.4667,84.8667,21.19,64,7,1.89,KZ,1720575213
92,mana,5.6592,-53.7767,25.22,88,38,1.81,GF,1720575214
93,urucara,-2.5364,-57.76,25.81,68,53,0.9,BR,1720575216
94,chilliwack,49.1747,-121.9443,33.9,40,0,2.57,CA,1720575217
95,kiunga,-6.1219,141.2906,24.19,96,100,1.35,PG,1720575218
96,pekalongan,-6.8886,109.6753,28.34,68,100,1.61,ID,1720575220
97,brooks,50.5834,-111.8851,31.99,34,0,3.09,CA,1720574707
98,atafu village,-8.5421,-172.5159,28.17,77,76,6.62,TK,1720575222
99,usogorsk,63.4106,48.6872,17.09,98,100,2.95,RU,1720575224
100,aadorf,47.492,8.901,20.81,88,100,2.1,CH,1720575225
101,hamilton,39.1834,-84.5333,27.07,91,40,0.45,US,1720575126
102,okhotsk,59.3833,143.3,20.42,51,100,2.22,RU,1720575227
103,hawaiian paradise park,19.5933,-154.9731,27.71,72,69,2.24,US,1720575229
104,huntsville,34.7304,-86.5861,29.14,80,0,7.2,US,1720575098
105,kotel'nikovo,47.6317,43.1461,22.32,36,4,3.25,RU,1720575232
106,cheremukhovo,60.3484,59.9851,21.6,63,0,0.71,RU,1720575233
107,aasiaat,68.7098,-52.8699,2.64,93,100,2.18,GL,1720575234
108,serowe,-22.3833,26.7167,6.47,17,0,1.24,BW,1720575236
109,barra dos coqueiros,-10.9089,-37.0386,25.01,88,75,4.12,BR,1720575237
110,afaahiti,-17.75,-149.2833,27.93,74,14,2.05,PF,1720575238
111,mar del plata,-38.0023,-57.5575,2.75,79,2,0.89,AR,1720575231
112,winnemucca,40.973,-117.7357,40.03,5,0,4.63,US,1720575241
113,sao gabriel da cachoeira,-0.1303,-67.0892,24.21,87,96,0.81,BR,1720575243
114,jiuquan,39.7432,98.5174,29.06,22,99,3.4,CN,1720575244
115,moose jaw,50.4001,-105.5344,26.14,53,0,3.09,CA,1720575158
116,scarborough,54.2797,-0.4044,17.03,93,100,0.89,GB,1720575247
117,kupang,-10.1667,123.5833,30.32,62,20,7.72,ID,1720575248
118,midvagur,62.0511,-7.1939,6.46,93,7,0.0,FO,1720575249
119,torremaggiore,41.6907,15.2963,23.79,69,0,0.9,IT,1720575251
120,longyearbyen,78.2186,15.6401,4.91,81,75,7.72,SJ,1720575252
121,monrovia,6.3005,-10.7969,24.87,89,53,3.83,LR,1720575253
122,bhadasar,28.2833,74.3167,34.08,54,33,3.72,IN,1720575255
123,bel ombre,-4.6167,55.4167,25.91,78,20,2.57,SC,1720575256
124,salinopolis,-0.6136,-47.3561,26.14,82,36,5.15,BR,1720575257
125,salalah,17.0151,54.0924,27.05,100,100,2.06,OM,1720575259
126,whitehorse,60.7161,-135.0538,24.43,32,75,9.26,CA,1720575036
127,ocozocoautla de espinosa,16.7667,-93.3667,19.78,95,100,1.15,MX,1720575262
128,freetown,8.484,-13.2299,27.84,78,75,3.09,SL,1720575263
129,comodoro rivadavia,-45.8667,-67.5,4.92,52,0,6.17,AR,1720575264
130,iquique,-20.2208,-70.1431,16.02,77,51,2.2,CL,1720575266
131,arraial do cabo,-22.9661,-42.0278,21.19,92,100,2.81,BR,1720575267
132,cabo san lucas,22.8909,-109.9124,34.17,40,0,5.14,MX,1720574739
133,bamboo flat,11.7,92.7167,28.2,78,100,4.23,IN,1720575269
134,uturoa,-16.7333,-151.4333,25.97,72,8,2.18,PF,1720575271
135,fauske,67.2588,15.3918,11.02,86,100,0.42,NO,1720575272
136,chibougamau,49.9168,-74.3659,18.79,82,0,2.06,CA,1720575274
137,tangalle,6.024,80.7911,27.09,81,83,5.1,LK,1720575275
138,zouerate,22.7187,-12.4521,26.67,24,1,6.28,MR,1720575276
139,boali,4.8005,18.1275,21.48,95,100,1.04,CF,1720575278
140,bukama,-9.2,25.85,17.22,27,41,1.76,CD,1720575280
141,punta arenas,-53.15,-70.9167,4.06,87,75,19.03,CL,1720575281
142,walvis bay,-22.9575,14.5053,10.61,57,0,3.09,NA,1720575282
143,saipan,15.1355,145.701,30.39,70,75,9.26,MP,1720575284
144,darwin,-12.4611,130.8418,28.99,47,0,6.17,AU,1720575003
145,sao felix do xingu,-6.6447,-51.995,25.58,49,62,0.34,BR,1720575286
146,flen,59.0583,16.5878,13.68,77,100,2.05,SE,1720575288
147,thompson,55.7435,-97.8558,23.09,46,40,2.57,CA,1720575077
148,parnamirim,-5.9156,-35.2628,24.94,88,75,2.57,BR,1720575290
149,spring creek,40.7266,-115.5859,36.83,9,0,3.09,US,1720575293
150,emkhomazi,-30.2067,30.7978,15.27,21,73,3.52,ZA,1720575295
151,san juan de abajo,20.8167,-105.1833,27.82,78,100,3.6,MX,1720575296
152,richards bay,-28.783,32.0377,17.36,17,6,2.07,ZA,1720575297
153,toktogul,41.8708,72.9402,20.67,62,100,0.14,KG,1720575298
154,mahanoro,-19.9,48.8,18.64,82,100,1.29,MG,1720575300
155,shaowu,27.3409,117.4831,34.18,52,96,0.65,CN,1720575302
156,las palmas,28.4204,-14.0131,19.44,78,0,7.2,ES,1720575303
157,vila velha,-20.3297,-40.2925,23.3,89,20,2.06,BR,1720575305
158,chonchi,-42.6128,-73.8092,2.84,95,73,1.57,CL,1720575306
159,saynshand,44.8824,110.1163,28.82,29,45,1.68,MN,1720575308
160,trairi,-3.2778,-39.2689,25.07,83,27,3.73,BR,1720575309
161,mount gambier,-37.8333,140.7667,12.75,56,0,3.38,AU,1720575310
162,smithers,54.7804,-127.1743,32.18,18,40,0.0,CA,1720575311
163,arteche,12.2645,125.4048,28.67,79,100,0.72,PH,1720575313
164,tual,-5.6667,132.75,25.93,84,85,9.79,ID,1720575314
165,muroto-misakicho,33.2833,134.15,26.48,89,92,6.28,JP,1720575316
166,timbuktu,16.7735,-3.0074,30.67,44,100,7.17,ML,1720575317
167,ola,59.5833,151.2833,20.09,50,22,5.81,RU,1720575318
168,hammerfest,70.6634,23.6821,10.25,76,100,6.17,NO,1720575320
169,ishigaki,24.3448,124.1572,33.07,75,20,6.17,JP,1720575321
170,isla vista,34.4133,-119.861,34.06,28,2,2.03,US,1720575322
171,port douglas,-16.4833,145.4667,23.64,70,17,3.35,AU,1720575106
172,mil'kovo,55.6078,37.7956,20.17,87,5,4.15,RU,1720575325
173,phek,25.6667,94.5,20.54,99,100,0.72,IN,1720575328
174,tazovsky,67.4667,78.7,14.13,62,10,5.32,RU,1720575330
175,kerikeri,-35.2268,173.9474,15.08,57,4,3.66,NZ,1720575331
176,labrador city,52.9463,-66.9114,15.95,88,75,1.03,CA,1720575333
177,belomorsk,64.5232,34.7668,15.03,74,100,2.61,RU,1720575070
178,dul'durga,50.6761,113.5931,29.94,32,4,1.86,RU,1720575335
179,oulad teima,30.3947,-9.209,18.6,75,0,1.41,MA,1720575336
180,cochrane,51.1834,-114.4687,28.13,41,0,8.75,CA,1720575304
181,bredasdorp,-34.5322,20.0403,11.22,79,68,7.88,ZA,1720575339
182,ulladulla,-35.35,150.4667,17.0,57,10,0.68,AU,1720575340
183,dame-marie,18.5667,-74.4167,27.7,83,41,1.95,HT,1720575342
184,changling,44.2653,124.0005,27.78,47,37,0.45,CN,1720575344
185,howard springs,-12.497,131.047,29.37,60,24,5.99,AU,1720575345
186,pleiku,13.9833,108.0,21.19,98,100,2.43,VN,1720575347
187,vadso,70.0744,29.7487,10.49,87,20,2.57,NO,1720575349
188,clarion,41.2148,-79.3853,25.87,90,79,2.41,US,1720575350
189,elektrenai,54.7667,24.6333,17.7,82,9,2.81,LT,1720575351
190,kodiak,57.79,-152.4072,10.73,93,100,3.6,US,1720575353
191,pizarro,4.9533,-77.366,25.63,89,90,1.55,CO,1720575354
192,ilulissat,69.2167,-51.1,2.29,99,100,2.47,GL,1720575355
193,nema,57.5067,50.5011,19.43,75,95,2.09,RU,1720575357
194,laguna,38.421,-121.4238,38.38,35,0,5.14,US,1720575358
195,hasaki,35.7333,140.8333,32.94,74,59,3.05,JP,1720575359
196,vredendal,-31.6683,18.5012,13.49,83,100,5.29,ZA,1720575361
197,raduzhnyy,62.0961,77.475,18.72,53,100,4.59,RU,1720575363
198,nagtipunan,16.2167,121.6,29.0,63,100,0.57,PH,1720575364
199,ambon,-3.6954,128.1814,28.26,95,75,3.09,ID,1720575365
200,graaff-reinet,-32.2522,24.5308,10.79,54,100,5.13,ZA,1720575367
201,itaituba,-4.2761,-55.9836,25.12,70,77,0.84,BR,1720575368
202,calvinia,-31.4707,19.776,8.48,95,100,7.34,ZA,1720575369
203,kavaratti,10.5669,72.642,27.63,82,100,6.71,IN,1720575371
204,changzhi,35.2089,111.7386,28.63,56,10,2.33,CN,1720575372
205,port lincoln,-34.7333,135.8667,15.69,56,0,8.06,AU,1720575374
206,guanica,17.9716,-66.908,28.86,65,66,2.89,PR,1720575375
207,san julian,21.0167,-102.1667,21.84,47,100,6.83,MX,1720575377
208,harstad,68.799,16.5293,10.66,96,100,3.13,NO,1720575378
209,rongelap,11.1635,166.8941,28.37,75,4,7.69,MH,1720575380
210,san andres,12.5847,-81.7006,29.01,84,20,5.14,CO,1720575381
211,polyarnyy,69.1989,33.4478,9.53,79,100,2.89,RU,1720575382
212,hovd,48.0056,91.6419,24.19,34,99,1.5,MN,1720575384
213,talnakh,69.4865,88.3972,19.91,56,3,1.71,RU,1720575387
214,novodvinsk,64.4165,40.8122,13.86,94,97,2.44,RU,1720575388
215,vorgashor,67.5833,63.95,19.35,52,0,2.17,RU,1720575389
216,machico,32.7,-16.7667,22.35,86,20,2.57,PT,1720575391
217,amurzet,47.6967,131.0981,22.86,50,63,2.72,RU,1720575392
218,luderitz,-26.6481,15.1594,13.44,45,6,3.63,NA,1720575394
219,jalai nur,49.45,117.7,30.43,35,9,3.24,CN,1720575395
220,sheridan,44.8333,-106.9173,29.14,27,13,4.58,US,1720575396
221,larroque,-33.036,-59.0013,1.05,81,3,3.2,AR,1720575398
222,pariaman,-0.619,100.12,26.03,77,36,0.75,ID,1720575399
223,alice springs,-23.7,133.8833,16.75,45,0,3.09,AU,1720575401
224,tralee,52.2704,-9.7026,11.82,96,55,1.29,IE,1720575402
225,sisimiut,66.9395,-53.6735,5.89,80,65,1.32,GL,1720575404
226,murzuq,25.9155,13.9184,28.78,27,4,3.86,LY,1720575405
227,santa marta de ortigueira,43.6833,-7.85,17.36,100,94,2.17,ES,1720575406
228,mount isa,-20.7333,139.5,21.87,37,7,5.14,AU,1720575408
229,impfondo,1.6381,18.0667,22.4,95,99,0.56,CG,1720575409
230,san patricio,28.017,-97.5169,30.94,68,19,5.12,US,1720575410
231,la sarre,48.8002,-79.1996,16.49,95,47,1.68,CA,1720575412
232,abbeville,50.1,1.8333,17.49,97,100,3.48,FR,1720575324
233,yeppoon,-23.1333,150.7333,26.25,70,4,2.91,AU,1720575414
234,ust-nera,64.5667,143.2,22.83,31,71,2.23,RU,1720575416
235,pitt meadows,49.2212,-122.6897,32.31,40,0,1.36,CA,1720575417
236,dera bugti,29.0307,69.151,33.49,48,99,0.51,PK,1720575418
237,ancud,-41.8697,-73.8203,3.45,82,19,1.85,CL,1720575420
238,badger,64.8,-147.5333,15.55,84,100,2.57,US,1720575421
239,libog,13.2349,123.7778,29.28,69,100,1.21,PH,1720575422
240,sechura,-5.5569,-80.8222,19.26,74,2,7.46,PE,1720575424
241,nizhnesortymskiy,62.4397,71.7603,19.4,52,63,4.64,RU,1720575425
242,bazar-korgon,41.0376,72.7459,24.07,56,100,3.13,KG,1720575426
243,horta,38.5333,-28.6333,22.23,87,68,1.79,PT,1720575428
244,fada,7.25,4.0667,22.42,98,100,1.15,NG,1720575429
245,antsiranana,-12.2787,49.2917,21.63,65,2,5.63,MG,1720575431
246,bandarbeyla,9.4942,50.8122,26.0,80,100,13.27,SO,1720575432
247,flying fish cove,-10.4217,105.6791,26.82,78,100,5.66,CX,1720575433
248,kaliganj,23.4095,89.1402,30.17,74,97,4.37,BD,1720575435
249,st. john's,47.5649,-52.7093,18.66,94,75,4.63,CA,1720575175
250,arsin,40.9496,39.9276,24.74,73,75,3.09,TR,1720575439
251,victoria point,-27.5833,153.3,23.19,83,12,0.45,AU,1720575441
252,avarua,-21.2078,-159.775,23.03,56,20,4.12,CK,1720575442
253,majene,-3.5403,118.9707,27.61,68,38,4.79,ID,1720575444
254,fortuna,40.5982,-124.1573,16.66,90,0,4.63,US,1720575445
255,castillos,-34.1667,-53.8333,8.09,80,100,4.53,UY,1720575447
256,east london,-33.0153,27.9116,20.45,30,78,7.3,ZA,1720575448
257,susuman,62.7833,148.1667,20.0,39,4,3.58,RU,1720575449
258,kristiansund,63.1115,7.732,10.36,92,17,2.57,NO,1720575451
259,labytnangi,66.6572,66.4183,19.79,56,1,2.09,RU,1720575452
260,jaicos,-7.3592,-41.1378,22.72,54,2,2.51,BR,1720575453
261,tolanaro,-25.0319,46.9987,15.04,94,0,0.0,MG,1720575455
262,island harbour,50.724,-1.2758,16.2,67,50,1.79,GB,1720575456
263,mpigi,0.225,32.3136,16.94,88,100,0.94,UG,1720575457
264,nadym,65.5333,72.5167,16.6,55,97,4.71,RU,1720575459
265,iskateley,67.6803,53.1512,14.74,96,100,3.7,RU,1720575461
266,al 'amarah,31.8406,47.1396,36.05,16,0,2.55,IQ,1720575463
267,antofagasta,-23.65,-70.4,13.6,80,45,3.32,CL,1720575464
268,camiri,-20.05,-63.5167,4.78,67,0,1.15,BO,1720575465
269,mirzapur,25.15,82.5833,28.98,52,99,3.33,IN,1720575467
270,ongjin,37.9347,125.3619,23.6,84,97,2.42,KP,1720575468
271,haiku-pauwela,20.9219,-156.3051,28.47,63,20,12.35,US,1720575470
272,zadar,44.1197,15.2422,23.34,94,0,0.51,HR,1720575471
273,puerto penasco,31.3167,-113.5333,31.06,69,0,2.68,MX,1720575472
274,simanggang,1.2472,111.4528,24.99,94,40,0.0,MY,1720575474
275,dwarka,22.2394,68.9678,29.0,82,93,5.16,IN,1720575475
276,peniche,39.3558,-9.3811,20.6,98,100,3.46,PT,1720575476
277,sao tome,0.3365,6.7273,23.38,79,81,4.18,ST,1720575478
278,khovd,48.0056,91.6419,24.19,34,99,1.5,MN,1720575384
279,nemuro,43.3236,145.575,14.77,98,100,2.72,JP,1720575480
280,heves,47.6,20.2833,22.52,68,5,2.81,HU,1720575482
281,tazacorte,28.629,-17.9293,21.54,95,20,5.14,ES,1720575483
282,margaret river,-33.95,115.0667,12.63,74,76,9.94,AU,1720575484
283,malvan,16.0667,73.4667,25.9,85,100,2.66,IN,1720575486
284,yarmouth,41.7057,-70.2286,24.42,93,100,5.14,US,1720575487
285,ngaruawahia,-37.6674,175.1555,14.0,76,0,1.21,NZ,1720575489
286,goure,13.9835,10.2704,31.36,45,99,5.77,NE,1720575490
287,launceston,-41.45,147.1667,11.8,93,75,0.0,AU,1720574714
288,amos,48.5669,-78.1162,16.18,97,24,1.89,CA,1720575492
289,aswan,24.0934,32.907,30.61,28,0,2.57,EG,1720575494
290,ridder,50.355,83.5133,17.6,88,47,1.3,KZ,1720575495
291,gornopravdinsk,60.05,69.9,20.25,72,100,1.31,RU,1720575498
292,fort bragg,35.139,-79.006,30.08,79,100,1.34,US,1720575499
293,simi valley,34.2695,-118.7815,33.08,52,0,2.68,US,1720575241
294,san paolo,-23.5475,-46.6361,15.2,98,100,2.06,BR,1720575328
295,taulaga,-11.0553,-171.0883,28.02,76,24,7.28,AS,1720575503
296,opuwo,-18.0607,13.84,12.54,21,0,2.4,NA,1720575504
297,gizo,-8.103,156.8419,27.98,79,98,3.3,SB,1720575506
298,granada,37.25,-3.25,20.72,48,0,1.31,ES,1720575508
299,bluefields,12.0137,-83.7635,25.28,94,100,2.94,NI,1720575344
300,thunder bay,48.4001,-89.3168,24.99,60,20,2.06,CA,1720575511
301,zyryanovsk,49.7386,84.2719,17.13,86,55,0.56,KZ,1720575512
302,anadyr,64.75,177.4833,15.28,58,40,15.0,RU,1720575514
303,arua,3.0201,30.9111,17.93,89,91,0.62,UG,1720575515
304,marivan,35.5219,46.176,22.51,31,1,1.91,IR,1720575516
305,saulkrasti,57.2622,24.4147,13.97,73,34,2.84,LV,1720575518
306,poronaysk,49.2167,143.1167,12.35,93,100,2.17,RU,1720575519
307,pandan,14.0453,124.1694,30.23,68,100,1.07,PH,1720575520
308,puerto real,36.5282,-6.1901,21.09,88,0,0.0,ES,1720575522
309,seven pagodas,12.6264,80.1722,29.41,70,100,3.85,IN,1720575523
310,severnoye,56.3491,78.3619,19.61,68,41,2.04,RU,1720575526
311,orshanka,56.9161,47.8933,18.36,73,36,1.92,RU,1720575527
312,khilok,51.3674,110.4676,28.08,40,1,0.89,RU,1720575528
313,ta`u,-14.2336,-169.5144,25.81,79,98,13.26,AS,1720575530
314,williamson,30.6502,-97.6003,31.56,55,0,0.89,US,1720575532
315,lebu,-37.6167,-73.65,5.68,78,0,4.98,CL,1720575533
316,temryuk,45.2722,37.3811,26.12,36,100,6.73,RU,1720575535
317,el granada,37.5027,-122.4694,23.28,79,20,9.77,US,1720575536
318,kyshtovka,56.555,76.6271,19.16,79,36,2.05,RU,1720575537
319,hsinchu,24.8036,120.9686,32.16,65,46,1.79,TW,1720575384
320,pierre,44.3683,-100.351,31.51,39,0,0.0,US,1720575540
321,edmundston,47.3737,-68.3251,21.74,85,0,3.09,CA,1720575541
322,yuzhno-kurilsk,44.0306,145.8556,17.92,90,98,1.65,RU,1720575543
323,bengkulu,-3.8004,102.2655,26.37,84,65,1.26,ID,1720575544
324,choyr,46.3611,108.3611,24.89,41,74,2.67,MN,1720575545
325,altania,-23.8744,-53.9017,10.5,91,90,3.76,BR,1720575546
326,kanniyakumari,8.0833,77.5667,25.47,79,100,7.87,IN,1720575548
327,weno,7.4515,151.8468,31.97,84,75,2.06,FM,1720575549
328,nao me toque,-28.4592,-52.8208,4.7,96,100,3.82,BR,1720575550
329,beira,-19.8436,34.8389,14.05,88,0,2.57,MZ,1720575552
330,pertek,38.8663,39.3268,17.76,67,0,1.15,TR,1720575553
331,vedaraniyam,10.3667,79.85,29.05,79,100,5.03,IN,1720575554
332,castletown,53.0281,-9.0686,13.27,91,53,4.01,IE,1720575556
333,sault ste. marie,46.5168,-84.3333,21.31,78,0,2.57,CA,1720575557
334,westport,41.1415,-73.3579,26.9,81,0,2.57,US,1720575550
335,zuni pueblo,35.0725,-108.8506,33.35,11,1,3.23,US,1720575560
336,port saint john's,-31.6229,29.5448,18.11,28,98,3.49,ZA,1720575561
337,paradip garh,20.3167,86.6167,30.14,72,100,7.06,IN,1720575562
338,sar-e pul,35.8333,66.1667,21.81,29,0,0.81,AF,1720575564
339,hutang,31.5333,119.4833,26.8,93,100,4.14,CN,1720575565
340,zhanibek,49.4167,46.85,22.52,49,0,3.16,KZ,1720575567
341,edd,13.9297,41.6925,33.96,47,100,2.14,ER,1720575568
342,fale old settlement,-9.3852,-171.2468,28.41,74,23,7.87,TK,1720575569
343,saint-joseph,-21.3667,55.6167,17.21,73,16,3.09,RE,1720575570
344,ampanihy,-24.7,44.75,15.92,97,25,2.71,MG,1720575572
345,el kala,36.8956,8.4433,24.23,77,23,1.83,DZ,1720575573
346,khorixas,-20.3667,14.9667,14.57,19,0,2.91,NA,1720575575
347,bardai,11.65,7.2333,22.65,80,61,5.48,NG,1720575576
348,skiathos,39.1623,23.4909,27.21,71,0,5.8,GR,1720575577
349,nova sintra,14.8667,-24.7167,23.71,79,5,10.1,CV,1720575579
350,mikun',62.3547,50.0771,18.33,88,98,3.16,RU,1720575580
351,esquel,-42.9,-71.3167,-5.26,87,28,2.41,AR,1720575581
352,portage la prairie,49.9728,-98.2926,21.43,75,7,1.4,CA,1720575583
353,amontada,-3.3617,-39.8317,22.49,92,11,2.46,BR,1720575584
354,san juan de miraflores,-12.1629,-76.9635,16.76,90,61,3.01,PE,1720575585
355,fort st. john,56.2499,-120.8529,33.94,18,20,5.14,CA,1720575587
356,kazanka,47.8462,32.8218,23.4,57,25,3.25,UA,1720575588
357,qamdo,31.1667,97.2333,12.56,71,100,1.12,CN,1720575590
358,suva,-18.1416,178.4415,24.71,78,75,4.63,FJ,1720575591
359,noci,40.7907,17.1317,24.59,60,0,4.0,IT,1720575592
360,trondheim,63.4305,10.3951,11.11,88,14,1.82,NO,1720575595
361,newport,51.5877,-2.9984,16.36,92,75,6.7,GB,1720575596
362,el bayadh,33.6832,1.0193,28.18,12,4,4.87,DZ,1720575599
363,saudarkrokur,65.7461,-19.6394,10.84,82,92,5.43,IS,1720575600
364,ad-damazin,11.7891,34.3592,23.69,82,72,2.99,SD,1720575601
365,veraval,20.9,70.3667,28.93,79,99,3.28,IN,1720575603
366,petropavlovsk-kamchatsky,53.0452,158.6483,12.33,100,100,4.0,RU,1720575604
367,padre paraiso,-17.0742,-41.4844,15.33,77,0,1.09,BR,1720575605
368,abu dhabi,24.4667,54.3667,35.06,63,0,1.03,AE,1720575607
369,magadan,59.5667,150.8,18.91,54,25,5.59,RU,1720575608
370,mata-utu,-13.2816,-176.1745,26.61,85,100,10.76,WF,1720575609
371,mkushi,-13.6202,29.3939,9.93,33,81,2.23,ZM,1720575611
372,yemetsk,63.4721,41.7941,13.59,87,17,2.52,RU,1720575612
373,clewiston,26.7542,-80.9337,25.0,89,99,6.0,US,1720575613
374,at taj,24.2049,23.2857,26.46,29,35,4.29,LY,1720575615
375,antalaha,-14.9003,50.2788,20.08,71,87,3.47,MG,1720575616
376,bozoum,6.3193,16.3799,20.5,97,100,1.26,CF,1720575617
377,inarajan village,13.2736,144.7484,31.33,80,94,6.28,GU,1720575619
378,kapa'a,22.0752,-159.319,29.18,67,40,6.69,US,1720575620
379,tonder,54.9331,8.8667,20.02,83,100,4.91,DK,1720575621
380,paysandu,-32.3214,-58.0756,1.6,84,42,3.51,UY,1720575623
381,ban dan lan hoi,17.0068,99.575,27.81,74,100,1.51,TH,1720575624
382,lakes of the four seasons,41.4103,-87.2131,21.15,96,75,2.57,US,1720575625
383,urangan,-25.3,152.9,20.2,76,8,2.15,AU,1720575626
384,meiganga,6.5167,14.3,18.74,99,100,0.7,CM,1720575628
385,jabat,7.75,168.9751,28.01,80,11,8.04,MH,1720575630
386,eraan,9.0629,117.7016,28.29,75,100,2.52,PH,1720575632
387,constantia,44.1833,28.65,25.39,53,0,5.57,RO,1720575633
388,lukovit,43.2,24.1667,20.7,40,0,1.48,BG,1720575635
389,murray bridge,-35.1167,139.2667,14.08,46,0,4.14,AU,1720575636
390,muriti,-1.9833,32.9167,22.21,72,82,3.2,TZ,1720575638
391,rivera,-30.9053,-55.5508,2.68,90,100,2.64,UY,1720575639
392,robertsport,6.7533,-11.3686,24.88,85,51,2.94,LR,1720575640
393,izluchinsk,60.9794,76.9242,20.01,57,100,4.74,RU,1720575642
394,altai,46.3722,96.2583,20.55,33,93,6.41,MN,1720575643
395,hauterive,46.0901,3.4459,19.99,95,100,1.44,FR,1720575644
396,ouani,-12.1322,44.4258,24.74,72,16,5.51,KM,1720575646
397,gorontalo,0.5412,123.0595,26.1,93,100,1.34,ID,1720575647
398,bangassou,4.7413,22.8184,20.65,99,100,0.99,CF,1720575648
399,fort wellington,6.4,-57.6,26.07,84,100,2.53,GY,1720575650
400,klyuchi,52.2667,79.1667,19.65,64,15,3.04,RU,1720575654
401,manicore,-5.8092,-61.3003,26.34,51,16,1.19,BR,1720575655
402,sur,22.5667,59.5289,28.81,71,100,4.8,OM,1720575657
403,kalispell,48.1958,-114.3129,33.05,34,0,2.06,US,1720575658
404,mujiayingzi,42.1167,118.7833,27.2,24,93,1.16,CN,1720575659
405,al fulah,11.7329,28.3579,27.88,56,74,4.68,SD,1720575661
406,kulattur,9.0167,78.2,28.78,65,99,5.86,IN,1720575662
407,lianzhou,24.7811,112.3825,30.57,70,23,1.87,CN,1720575663
408,ribas do rio pardo,-20.4431,-53.7592,11.9,94,74,2.26,BR,1720575665
409,scottburgh,-30.2867,30.7532,15.3,20,87,3.27,ZA,1720575666
410,kavalerovo,44.2661,135.0572,17.63,81,98,1.61,RU,1720575667
411,yuxia,34.0615,108.6291,24.34,99,100,1.19,CN,1720575668
412,dalnerechensk,45.9339,133.7225,21.21,69,8,2.72,RU,1720575670
413,darnah,32.767,22.6367,26.1,75,0,8.53,LY,1720575671
414,kilindoni,-7.9139,39.6668,25.29,72,41,6.29,TZ,1720575673
415,geraldton,-28.7667,114.6,19.23,88,75,4.63,AU,1720575619
416,alofi,-19.0595,-169.9187,24.94,47,100,7.72,NU,1720575675
417,berezovyy,51.6667,135.7,11.33,98,100,1.08,RU,1720575676
418,happy valley-goose bay,53.3168,-60.3315,18.17,94,100,1.03,CA,1720575678
419,keetmanshoop,-26.5833,18.1333,8.51,27,0,2.06,NA,1720575680
420,suomussalmi,64.8869,28.9078,10.56,83,14,1.81,FI,1720575681
421,sao jose da coroa grande,-8.8978,-35.1478,24.41,84,3,2.51,BR,1720575682
422,nako,31.8814,78.627,15.33,72,27,1.05,IN,1720575684
423,qarqaraly,49.4058,75.4742,16.23,61,1,3.76,KZ,1720575685
424,san pedro pochutla,15.7333,-96.4667,28.84,88,100,1.52,MX,1720575686
425,adani,6.7397,7.0112,23.16,98,100,1.3,NG,1720575688
426,knysna,-34.0363,23.0471,12.3,76,62,4.55,ZA,1720575689
427,camayenne,9.535,-13.6878,26.4,82,16,2.73,GN,1720575690
428,illizi,26.4833,8.4667,29.89,16,5,3.47,DZ,1720575692
429,el porvenir,13.7617,-87.3458,24.63,92,100,2.35,HN,1720575693
430,port shepstone,-30.7414,30.455,17.09,22,99,2.87,ZA,1720575695
431,sao joao da barra,-21.6403,-41.0511,22.84,91,16,1.66,BR,1720575696
432,hadibu,12.65,54.0333,26.47,85,100,10.74,YE,1720575697
433,vytegra,61.0064,36.4481,12.45,82,3,2.21,RU,1720575698
434,faya-largeau,17.9257,19.1043,33.08,18,99,3.03,TD,1720575700
435,kindu,-2.95,25.95,22.04,65,22,0.2,CD,1720575701
436,chigorodo,7.6664,-76.6811,23.89,97,100,3.58,CO,1720575703
437,kodinar,20.7903,70.7031,28.76,80,100,3.29,IN,1720575705
438,kievka,50.2619,71.5514,21.08,48,78,2.81,KZ,1720575706
439,kenora,49.8167,-94.4337,23.54,60,75,1.54,CA,1720575707
440,pagar alam,-4.0167,103.2667,23.81,91,55,0.62,ID,1720575709
441,eichendorf,48.6333,12.85,21.94,93,5,1.49,DE,1720575710
442,narrabri,-30.3167,149.7833,15.68,58,3,2.21,AU,1720575578
443,nuuk,64.1835,-51.7216,5.34,100,100,2.06,GL,1720575713
444,maumere,-8.6199,122.2111,28.33,58,71,1.68,ID,1720575714
445,minas de marcona,-15.2119,-75.1103,9.86,89,77,6.64,PE,1720575715
446,lisala,2.15,21.5167,20.6,97,96,0.98,CD,1720575716
447,kone,-21.0595,164.8658,26.77,54,58,4.16,NC,1720575718
448,saint croix,17.7397,-64.7388,27.25,82,0,4.63,VI,1720575720
449,khawr fakkan,25.3313,56.342,33.03,84,22,3.32,AE,1720575722
450,turpan,42.9333,89.1667,35.22,26,90,0.95,CN,1720575723
451,pisco,-13.7,-76.2167,16.03,82,0,1.03,PE,1720575724
452,anna regina,7.2644,-58.5077,25.75,86,39,1.8,GY,1720575726
453,al jawf,29.5,38.75,27.1,22,0,3.57,SA,1720575727
454,yumaguzino,52.9041,56.3933,16.9,91,99,1.04,RU,1720575728
455,kirensk,57.7853,108.1119,28.26,50,58,1.29,RU,1720575730
456,mont-laurier,46.5501,-75.4993,22.79,92,100,1.47,CA,1720575731
457,sandnessjoen,66.0217,12.6316,8.29,82,13,2.67,NO,1720575732
458,nogliki,51.8333,143.1667,14.09,83,95,2.17,RU,1720575734
459,christchurch,-43.5333,172.6333,8.01,87,100,3.6,NZ,1720575532
460,mitu,1.1983,-70.1733,21.61,98,67,0.97,CO,1720575736
461,gargalianoi,37.0667,21.6333,26.86,43,0,3.14,GR,1720575738
462,heroica caborca,30.7167,-112.15,41.45,19,0,5.2,MX,1720575739
463,rio guayabal de yateras,20.3667,-75.0167,22.35,96,22,1.69,CU,1720575740
464,dalandzadgad,43.5708,104.425,28.84,22,100,2.25,MN,1720575741
465,sidney,-33.8679,151.2073,18.51,62,75,4.12,AU,1720575598
466,tsiombe,-25.3,45.4833,18.14,89,57,1.86,MG,1720575744
467,zandvoort,52.3749,4.5341,17.73,94,0,5.81,NL,1720575745
468,nyurba,63.2842,118.3319,25.3,47,100,3.7,RU,1720575747
469,belmonte,-15.8631,-38.8828,22.68,87,0,2.37,BR,1720575748
470,kayangel,8.0823,134.7173,28.8,75,99,5.54,PW,1720575749
471,kruisfontein,-34.0033,24.7314,11.6,81,100,7.31,ZA,1720575751
472,leava,-14.3,-178.1667,26.86,81,100,11.38,WF,1720575752
473,bandon,51.7469,-8.7425,12.77,96,4,2.95,IE,1720575753
474,hinton,53.4001,-117.5857,30.69,28,0,2.08,CA,1720575755
475,gaspe,48.8334,-64.4819,20.12,94,75,0.0,CA,1720575756
476,san antonio de pale,-1.4014,5.6325,22.25,82,36,3.83,GQ,1720575758
477,marco island,25.9363,-81.7157,30.58,85,60,1.68,US,1720575759
478,hirara,24.8,125.2833,32.15,74,40,7.2,JP,1720575760
479,pyhajarvi,67.0701,27.2176,11.19,92,86,0.39,FI,1720575762
480,nurlat,54.4277,50.8051,17.38,87,0,3.22,RU,1720575763
481,deir ez-zor,35.3359,40.1408,31.03,47,0,5.49,SY,1720575764
482,taroa,8.7058,171.2275,28.1,72,6,7.79,MH,1720575765
483,kolokani,13.5728,-8.0339,26.06,75,100,2.47,ML,1720575767
484,fletcher,35.4307,-82.5012,26.22,88,47,1.16,US,1720575768
485,yanam,16.7333,82.2167,27.77,80,100,1.8,IN,1720575769
486,lagoa,39.05,-27.9833,21.61,88,85,8.27,PT,1720575771
487,auki,-8.7676,160.7034,28.13,76,97,2.44,SB,1720575772
488,arroyo de la luz,39.4851,-6.584,20.28,72,0,2.29,ES,1720575773
489,barra do bugres,-15.0725,-57.1811,15.96,64,0,1.8,BR,1720575775
490,fisterra,42.9049,-9.2629,18.34,98,99,3.84,ES,1720575776
491,prince rupert,54.3161,-130.3201,19.05,68,0,4.63,CA,1720575488
492,borrazopolis,-23.9411,-51.5875,13.09,99,100,2.05,BR,1720575779
493,cannonvale,-20.2833,148.7,24.21,76,63,6.35,AU,1720575780
494,tyukhtet,56.5389,89.3011,16.43,76,71,2.71,RU,1720575781
495,sinop,41.7711,34.8709,20.24,76,10,1.93,TR,1720575783
496,axim,4.8699,-2.2405,24.12,87,98,4.27,GH,1720575784
497,akureyri,65.6835,-18.0878,12.96,67,100,5.66,IS,1720575785
498,alvaraes,-3.2208,-64.8042,26.5,68,99,0.78,BR,1720575787
499,la ronge,55.1001,-105.2842,27.12,44,0,2.06,CA,1720575788
500,mananjary,-21.2167,48.3333,18.79,87,100,1.24,MG,1720575789
501,parabel',58.6978,81.4825,18.59,65,63,4.14,RU,1720575791
502,miri,4.4148,114.0089,28.08,83,40,1.03,MY,1720575792
503,luza,60.6308,47.2512,17.31,98,100,2.76,RU,1720575793
504,palmer,42.1584,-72.3287,25.93,78,75,2.06,US,1720575795
505,anloga,5.7947,0.8973,24.69,87,85,5.49,GH,1720575796
506,peace river,56.2501,-117.286,32.17,37,20,3.6,CA,1720575797
507,saguday,16.5428,121.5638,30.63,67,100,0.2,PH,1720575799
508,katsuren-haebaru,26.3369,127.8719,32.83,74,40,7.2,JP,1720575800
509,bengbu,32.9408,117.3608,27.2,78,99,1.24,CN,1720575802
510,swift current,50.2834,-107.8014,28.45,32,0,6.17,CA,1720575692
511,galliano,29.4422,-90.2992,29.0,78,0,2.06,US,1720575804
512,assab,13.0092,42.7394,32.18,60,81,1.25,ER,1720575805
513,siguiri,11.6667,-9.5,22.88,94,100,1.0,GN,1720575807
514,semirara,12.0697,121.3986,27.33,78,99,1.74,PH,1720575808
515,bua yai,15.5855,102.4259,29.36,99,100,3.71,TH,1720575811
516,sydney mines,46.2367,-60.2177,22.53,92,75,2.57,CA,1720575812
517,turuntayevo,52.2,107.6167,26.05,54,74,0.14,RU,1720575813
518,saguenay,48.4168,-71.0657,19.46,89,20,1.54,CA,1720575814
519,shajiang,26.7825,119.9669,29.47,71,100,2.38,CN,1720575816
520,quellon,-43.1167,-73.6167,3.57,86,84,2.1,CL,1720575817
521,katsina,12.9894,7.6006,28.53,53,23,4.96,NG,1720575818
522,as sulayyil,20.4607,45.5779,36.14,16,100,4.62,SA,1720575821
523,poxoreo,-15.8372,-54.3892,18.45,74,1,1.79,BR,1720575822
524,ust'-ilimsk,58.0006,102.6619,28.59,43,55,1.6,RU,1720575824
525,mpika,-11.8343,31.4529,9.27,32,98,1.59,ZM,1720575825
526,amahai,-3.3333,128.9167,25.11,89,92,5.35,ID,1720575826
527,cockburn town,21.4612,-71.1419,28.4,83,1,6.64,TC,1720575828
528,phongsali,21.6833,102.1058,20.9,95,100,0.94,LA,1720575829
529,hami,42.8,93.45,30.4,28,99,4.41,CN,1720575830
530,batu pahat,1.8548,102.9325,27.8,76,84,1.78,MY,1720575833
531,berezovo,63.9381,65.0419,20.88,59,39,1.94,RU,1720575836
532,taoudenni,22.6783,-3.9836,36.13,26,45,7.56,ML,1720575837
533,ban houayxay,20.2453,100.4547,27.4,79,100,0.88,LA,1720575839
534,remire-montjoly,4.9167,-52.2667,25.02,94,0,0.51,GF,1720575840
535,qacha's nek,-30.1154,28.6894,3.34,28,8,6.79,LS,1720575842
536,castelli,-25.9468,-60.6195,5.04,54,4,2.42,AR,1720575843
537,bonthe,7.5264,-12.505,24.2,91,41,3.49,SL,1720575844
538,okahao,-17.885,15.0667,11.85,20,0,4.0,NA,1720575846
539,santa rosalia,27.3167,-112.2833,32.85,43,1,1.4,MX,1720575847
540,dehui,44.5333,125.7,26.76,49,9,2.27,CN,1720575848
541,bezhetsk,57.7851,36.6965,12.3,83,87,2.08,RU,1720575850
542,codrington,-38.2667,141.9667,12.81,58,0,4.04,AU,1720575851
543,kiama,-34.6833,150.8667,19.03,64,59,3.13,AU,1720575852
544,tympaki,35.0729,24.7685,29.5,44,0,6.71,GR,1720575854
545,nyrob,60.733,56.7202,20.33,74,6,1.32,RU,1720575855
546,hede,33.7681,120.2517,26.15,80,100,3.02,CN,1720575857
547,fort stockton,30.894,-102.8793,31.76,38,1,1.34,US,1720575858
548,saint-leu,-21.15,55.2833,17.46,69,22,1.39,RE,1720575859
549,vargashi,55.3556,65.8467,19.28,75,97,2.09,RU,1720575860
550,saldanha,-33.0117,17.9442,13.03,84,100,6.44,ZA,1720575862
551,jinxiang,27.4327,120.6062,29.54,74,100,4.4,CN,1720575863
552,kapuskasing,49.4169,-82.4331,23.05,73,20,2.06,CA,1720575864
553,ivdel',60.6911,60.4206,21.74,66,2,0.93,RU,1720575866
554,sirte,31.2089,16.5887,25.75,66,0,2.21,LY,1720575867
555,egilsstadir,65.2653,-14.3948,10.95,76,0,2.06,IS,1720575868
556,pangkalanbuun,-2.6833,111.6167,28.32,73,90,1.8,ID,1720575870
557,la'ie,21.6477,-157.9253,29.98,69,0,6.71,US,1720575871
558,selfoss,63.9331,-20.9971,10.02,87,99,2.09,IS,1720575872
559,pico truncado,-46.7949,-67.9573,0.34,66,100,9.03,AR,1720575874
560,utete,-7.986,38.758,18.48,94,22,0.98,TZ,1720575875
561,rikaze,29.25,88.8833,16.24,54,96,1.83,CN,1720575876
562,kembe,4.6228,21.8865,20.33,98,100,0.72,CF,1720575879
563,amga,60.8953,131.9608,13.05,96,100,2.49,RU,1720575880
564,tofol,5.3248,163.0078,30.88,70,75,4.63,FM,1720575881
565,an nuhud,12.7,28.4333,29.08,51,16,5.14,SD,1720575883
566,selsey,50.735,-0.7898,16.52,96,8,1.34,GB,1720575884
567,pitimbu,-7.4706,-34.8086,24.33,86,2,4.29,BR,1720575885
568,luquillo,18.3725,-65.7166,28.97,89,100,3.09,PR,1720575660
569,slave lake,55.2834,-114.769,32.99,29,0,6.69,CA,1720575888
570,greymouth,-42.4667,171.2,10.75,66,100,1.13,NZ,1720575889
571,nova vicosa,-17.8919,-39.3719,23.38,83,5,4.19,BR,1720575891
572,awjilah,29.1081,21.2869,25.6,61,0,4.88,LY,1720575892
573,chegdomyn,51.1167,133.0167,12.67,92,100,1.95,RU,1720575668
574,jiazi,22.8779,116.067,30.73,69,7,4.06,CN,1720575895
575,forio,40.7342,13.8646,26.96,80,0,1.57,IT,1720575896
576,kamina,-8.7386,24.9906,13.21,27,48,1.85,CD,1720575897
577,kudahuvadhoo,2.6708,72.8944,28.5,73,19,2.31,MV,1720575899
578,jutai,-5.1833,-68.9,22.96,92,50,0.28,BR,1720575900
579,totskoye,52.5248,52.7623,16.71,84,11,1.87,RU,1720575901
580,rovaniemi,66.5,25.7167,13.67,82,0,2.06,FI,1720575903
581,kuraymah,18.55,31.85,34.36,17,95,3.3,SD,1720575904
582,holualoa,19.6228,-155.9522,24.2,81,18,0.89,US,1720575905
583,crane,31.3974,-102.3501,32.97,21,1,4.06,US,1720575907
584,zastron,-30.3023,27.084,1.41,36,86,4.43,ZA,1720575908
